<?xml version="1.0" encoding="UTF-8"?>

<mule xmlns:ee="http://www.mulesoft.org/schema/mule/ee/core" xmlns:db="http://www.mulesoft.org/schema/mule/db"
	xmlns:http="http://www.mulesoft.org/schema/mule/http"
	xmlns="http://www.mulesoft.org/schema/mule/core" xmlns:doc="http://www.mulesoft.org/schema/mule/documentation" xmlns:xsi="http://www.w3.org/2001/XMLSchema-instance" xsi:schemaLocation="http://www.mulesoft.org/schema/mule/core http://www.mulesoft.org/schema/mule/core/current/mule.xsd
http://www.mulesoft.org/schema/mule/http http://www.mulesoft.org/schema/mule/http/current/mule-http.xsd
http://www.mulesoft.org/schema/mule/db http://www.mulesoft.org/schema/mule/db/current/mule-db.xsd
http://www.mulesoft.org/schema/mule/ee/core http://www.mulesoft.org/schema/mule/ee/core/current/mule-ee.xsd">
	<http:listener-config name="HTTP_Listener_config" doc:name="HTTP Listener config" doc:id="fea85185-e35a-49c0-993f-7227b06842d0" >
		<http:listener-connection host="0.0.0.0" port="8050" />
	</http:listener-config>
	<db:config name="Database_Config" doc:name="Database Config" doc:id="1ef572b1-7292-497f-9f24-8124108933dc" >
		<db:my-sql-connection host="localhost" port="3306" user="root" database="testdatabase" />
	</db:config>
	<flow name="sqltestFlow" doc:id="c24552c0-b0bc-4ded-8dfe-cc7b834e4b5a" >
		<http:listener doc:name="Listener" doc:id="11a1eccb-c10a-4206-99a4-673581868b59" config-ref="HTTP_Listener_config" path="/muletest"/>
		<set-variable value="#[message.payload.newName]" doc:name="Set Variable" doc:id="224735ce-59de-414f-8a77-86fe356bdcca" variableName="newName"/>
		<db:select doc:name="Select" doc:id="0dc27399-e036-4fb9-9646-92b71b49d7ef" config-ref="Database_Config">
			<reconnect-forever />
			<db:sql >SELECT ID FROM mulesoft WHERE ID = (SELECT MAX(ID) FROM mulesoft)</db:sql>
			<db:parameter-types />
		</db:select>
		<ee:transform doc:name="Transform Message" doc:id="4e22284c-0c3f-4f35-aaac-cb5ee4a23537" >
			<ee:message >
				<ee:set-payload ><![CDATA[%dw 2.0
output application/json
---
payload[0].ID]]></ee:set-payload>
			</ee:message>
		</ee:transform>
		<set-variable value="#[payload + 1]" doc:name="Set Variable" doc:id="bb332543-73a2-4bb1-97c2-bf94c70312d5" variableName="newID"/>
		<db:insert doc:name="Insert" doc:id="bd3bafb2-4efa-471b-a93c-bcfbe68c2c51" config-ref="Database_Config">
			<db:sql >INSERT INTO mulesoft VALUES(:nI, :nN);</db:sql>
			<db:input-parameters ><![CDATA[#[{
	"nI":vars.newID,
	"nN":vars.newName
}]]]></db:input-parameters>
		</db:insert>
		<db:select doc:name="Select" doc:id="276af92d-a4fc-40e3-bf4d-ea9c07cc57d5" config-ref="Database_Config">
			<db:sql >SELECT * FROM mulesoft</db:sql>
		</db:select>
		<ee:transform doc:name="Transform Message" doc:id="4eb916ca-6d98-4bb0-8cf8-254d965ae530" >
			<ee:message >
				<ee:set-payload ><![CDATA[%dw 2.0
output application/json
---
payload map ((item, index) -> {(index + 1): item.Name})]]></ee:set-payload>
			</ee:message>
		</ee:transform>
		<set-payload value="#[payload]" doc:name="Set Payload" doc:id="22f38063-73a9-4c15-8874-379d0bfaf5b9" mimeType="text/html"/>
	</flow>
</mule>
