<?xml version="1.0" encoding="UTF-8"?>

<mule xmlns:ee="http://www.mulesoft.org/schema/mule/ee/core" xmlns:http="http://www.mulesoft.org/schema/mule/http"
	xmlns="http://www.mulesoft.org/schema/mule/core"
	xmlns:doc="http://www.mulesoft.org/schema/mule/documentation" xmlns:xsi="http://www.w3.org/2001/XMLSchema-instance" xsi:schemaLocation="http://www.mulesoft.org/schema/mule/core http://www.mulesoft.org/schema/mule/core/current/mule.xsd
http://www.mulesoft.org/schema/mule/http http://www.mulesoft.org/schema/mule/http/current/mule-http.xsd
http://www.mulesoft.org/schema/mule/ee/core http://www.mulesoft.org/schema/mule/ee/core/current/mule-ee.xsd">
	<http:listener-config name="HTTP_Listener_config" doc:name="HTTP Listener config" doc:id="bd14a7a5-bd4b-4b15-8289-6ba82e199e6a" >
		<http:listener-connection host="0.0.0.0" port="8081" />
	</http:listener-config>
	<http:request-config name="HTTP_Request_configuration" doc:name="HTTP Request configuration" doc:id="e1ea7f85-49b8-41cf-8ba9-f7d2e25e92d1" />
	<flow name="jsonrequestFlow" doc:id="1aea88df-3261-44b1-9365-f7acc659e024" >
		<http:listener doc:name="Listener" doc:id="cec10832-3b0e-4fa6-a8c0-4d080845fbee" config-ref="HTTP_Listener_config" path="/RequJSON"/>
		<set-variable value="#[(message.payload.required as String)]" doc:name="Set Variable" doc:id="9057e668-0806-452f-99b8-9eea86c24b8d" variableName="display"/>
		<set-variable value="#[(message.payload.recordNo as String)]" doc:name="Set Variable" doc:id="3f18369c-feb5-45db-8671-556d989d96af" variableName="recordNumber"/>
		<http:request method="GET" doc:name="Request" doc:id="4a6b1b0c-2bf8-45d4-9cc8-395298f62f7f" config-ref="HTTP_Request_configuration" url="https://jsonplaceholder.typicode.com/posts"/>
		<ee:transform doc:name="Transform Message" doc:id="7fea76d5-f222-40f0-8e00-c433c6cdcd4f" >
			<ee:message >
				<ee:set-payload ><![CDATA[%dw 2.0
output application/json
fun displayJSON(val) =
	if (val == "userid")
		payload map ((item, index) -> {(index + 1): item.userId})
	else if (val == "id")
		payload map ((item, index) -> {(index + 1): item.id})
	else if (val == "title")
		payload map ((item, index) -> {(index + 1): item.title})
	else if (val == "body")
		payload map ((item, index) -> {(index + 1): item.body})
	else
		vars.display
---
displayJSON(vars.display)]]></ee:set-payload>
			</ee:message>
		</ee:transform>
		<set-payload value="#[payload]" doc:name="Set Payload" doc:id="c98e25cf-900e-4aaa-bfd7-1d1bee7d963a" mimeType="text/html"/>
	</flow>
</mule>
